{
  "project_info": {
    "project_number": "355536962583",
    "firebase_url": "https://petagram-b3a93.firebaseio.com",
    "project_id": "petagram-b3a93",
    "storage_bucket": "petagram-b3a93.appspot.com"
  },
  "client": [
    {
      "client_info": {
        "mobilesdk_app_id": "1:355536962583:android:59d5759c2d245369",
        "android_client_info": {
          "package_name": "com.anncode.aplicacioncontactos"
        }
      },
      "oauth_client": [
        {
          "client_id": "355536962583-llhjvtg8kqiuq1tmm67ivqkgn8o3hv1j.apps.googleusercontent.com",
          "client_type": 1,
          "android_info": {
            "package_name": "com.anncode.aplicacioncontactos",
            "certificate_hash": "2558d869f914373ab94b81bedf16d32ad98519d0"
          }
        },
        {
          "client_id": "355536962583-vstkvr499205acc7o0g8il3mkkejupkg.apps.googleusercontent.com",
          "client_type": 3
        }
      ],
      "api_key": [
        {
          "current_key": "AIzaSyCl6we6BTU5Z3oI-rBQ1UIQBNnPtdh-mHw"
        }
      ],
      "services": {
        "analytics_service": {
          "status": 1
        },
        "appinvite_service": {
          "status": 2,
          "other_platform_oauth_client": [
            {
              "client_id": "355536962583-vstkvr499205acc7o0g8il3mkkejupkg.apps.googleusercontent.com",
              "client_type": 3
            }
          ]
        },
        "ads_service": {
          "status": 2
        }
      }
    }
  ],
  "configuration_version": "1"
}